"id","question","answer","wrong_answers","explanation","category","difficulty","milestones","mode","challenge_type","status","tags","source","source_page","revision_notes","favorite","confidence","created_at","updated_at"
"SOCLE-QUIZ-001","Quelle est la traduction anglaise de l’acronyme français « CMJN » utilisé en impression ?","CMYK","RGBK | CYMK","","Culture graphique","Difficile","4","Quiz","Aucun","validated","socle | quiz","Socle","","","false","1","2026-06-07T00:00:00.000Z","2026-06-07T00:00:00.000Z"
"SOCLE-QUIZ-002","En typographie, à quoi correspond le terme anglais « leading » ?","L’interlignage","L'interlettrage | L’approche","","Culture graphique","Difficile","4","Quiz","Aucun","validated","socle | quiz","Socle","","","false","1","2026-06-07T00:00:00.000Z","2026-06-07T00:00:00.000Z"
"SOCLE-QUIZ-003","Comment traduit-on « traits de coupe » en anglais dans le vocabulaire d’impression ?","crop marks","Trimming guides | Cut points","","Culture graphique","Difficile","4","Quiz","Aucun","validated","socle | quiz","Socle","","","false","1","2026-06-07T00:00:00.000Z","2026-06-07T00:00:00.000Z"
"SOCLE-QUIZ-004","Comment traduit-on le mot « échelle » (dans le sens de redimensionnement) en anglais dans les logiciels de design ?","Scale","Resize | Stretch","","Culture graphique","Facile","2","Quiz","Aucun","validated","socle | quiz","Socle","","","false","1","2026-06-07T00:00:00.000Z","2026-06-07T00:00:00.000Z"
"SOCLE-QUIZ-005","Comment traduit-on le terme « dégradé » en anglais dans le domaine du design graphique ?","Gradient","Blend | Overlay","","Culture graphique","Facile","2","Quiz","Aucun","validated","socle | quiz","Socle","","","false","1","2026-06-07T00:00:00.000Z","2026-06-07T00:00:00.000Z"
"SOCLE-QUIZ-006","En typographie, que signifie le terme anglais « serif » ?","Un empattement","Une variation de graisse | Une ligature décorative","","Culture graphique","Facile","2","Quiz","Aucun","validated","socle | quiz","Socle","","","false","1","2026-06-07T00:00:00.000Z","2026-06-07T00:00:00.000Z"
"SOCLE-QUIZ-007","Comment traduit-on le mot « interlettrage » en anglais, dans un logiciel de design ?","Letter Spacing","Kerning | Tracking","","Culture graphique","Facile","2","Quiz","Aucun","validated","socle | quiz","Socle","","","false","1","2026-06-07T00:00:00.000Z","2026-06-07T00:00:00.000Z"
"SOCLE-QUIZ-008","Quel mot anglais correspond à la notion de « teinte » en théorie des couleurs ?","Hue","Saturation | Tint","","Culture graphique","Facile","2","Quiz","Aucun","validated","socle | quiz","Socle","","","false","1","2026-06-07T00:00:00.000Z","2026-06-07T00:00:00.000Z"
"SOCLE-QUIZ-009","Quel est le terme anglais pour désigner un masque utilisé pour limiter la visibilité d’un calque à la forme d’un autre ?","Clipping mask","Layer mask | Crop mask","","Culture graphique","Facile","2","Quiz","Aucun","validated","socle | quiz","Socle","","","false","1","2026-06-07T00:00:00.000Z","2026-06-07T00:00:00.000Z"
"SOCLE-QUIZ-010","Quel terme anglais désigne le système standardisé de couleurs utilisé dans l’impression ?","Pantone","RGB swatch | CMYK palette","","Culture graphique","Facile","2","Quiz","Aucun","validated","socle | quiz","Socle","","","false","1","2026-06-07T00:00:00.000Z","2026-06-07T00:00:00.000Z"
"SOCLE-QUIZ-011","Quel est le terme anglais correspondant à la propriété qui définit la transparence d’un calque ou d’un objet ?","Opacity","Fill | Transparency","","Culture graphique","Facile","2","Quiz","Aucun","validated","socle | quiz","Socle","","","false","1","2026-06-07T00:00:00.000Z","2026-06-07T00:00:00.000Z"
"SOCLE-QUIZ-012","Comment s’appelle l’espace entre deux colonnes de texte au sein d’une mise en page ?","Gouttière","Intercolonne | Marges","","Culture graphique","Facile","2","Quiz","Aucun","validated","socle | quiz","Socle","","","false","1","2026-06-07T00:00:00.000Z","2026-06-07T00:00:00.000Z"
"SOCLE-QUIZ-013","Comment appelle-t-on la première lettre d’un paragraphe qui a une forme particulière et s’étend sur au moins deux lignes ?","Lettrine","Capitale | Cesure","","Culture graphique","Facile","2","Quiz","Aucun","validated","socle | quiz","Socle","","","false","1","2026-06-07T00:00:00.000Z","2026-06-07T00:00:00.000Z"
"SOCLE-QUIZ-014","Quel mot désigne l’organisation visuelle des éléments dans une mise en page pour guider le lecteur sur l’importance de chaque partie ?","Hiérarchie","Contraste | Composition","","Culture graphique","Facile","2","Quiz","Aucun","validated","socle | quiz","Socle","","","false","1","2026-06-07T00:00:00.000Z","2026-06-07T00:00:00.000Z"
"SOCLE-QUIZ-015","Quel mouvement artistique et pédagogique s’étend de 1919 à 1933 ?","Bauhaus","Le Stijl | Arts & Crafts","","Culture graphique","Facile","2","Quiz","Aucun","validated","socle | quiz","Socle","","","false","1","2026-06-07T00:00:00.000Z","2026-06-07T00:00:00.000Z"
"SOCLE-QUIZ-016","À quel mouvement appartient Andy Warhol ?","Pop art","Minimalisme | Surréalisme","","Culture graphique","Facile","2","Quiz","Aucun","validated","socle | quiz","Socle","","","false","1","2026-06-07T00:00:00.000Z","2026-06-07T00:00:00.000Z"
"SOCLE-QUIZ-017","Piet Mondrian appartient à quel mouvement artistique ?","Le Stijl","Cubisme | Constructivisme","","Culture graphique","Facile","2","Quiz","Aucun","validated","socle | quiz","Socle","","","false","1","2026-06-07T00:00:00.000Z","2026-06-07T00:00:00.000Z"
"SOCLE-QUIZ-018","Quel mouvement est célèbre pour ses formes organiques, ses courbes inspirées de la nature et son esthétique décorative autour de 1900 ?","Art nouveau","Constructivisme | Bauhaus","","Culture graphique","Facile","2","Quiz","Aucun","validated","socle | quiz","Socle","","","false","1","2026-06-07T00:00:00.000Z","2026-06-07T00:00:00.000Z"
"SOCLE-QUIZ-019","Quel mouvement graphique est notamment caractérisé par l’usage de grilles strictes, de typographies sans serif et d’une mise en page objective ?","Style international","Postmodernisme | Dadaïsme","","Culture graphique","Facile","2","Quiz","Aucun","validated","socle | quiz","Socle","","","false","1","2026-06-07T00:00:00.000Z","2026-06-07T00:00:00.000Z"
"SOCLE-QUIZ-020","En quelle année débute officiellement le mouvement du Bauhaus ?","1919","1930 | 1914","","Culture graphique","Difficile","4","Quiz","Aucun","validated","socle | quiz","Socle","","","false","1","2026-06-07T00:00:00.000Z","2026-06-07T00:00:00.000Z"
"SOCLE-QUIZ-021","Quel mouvement artistique et architectural précède l’émergence du Bauhaus ?","Modernisme","Art déco | Style international","","Culture graphique","Difficile","4","Quiz","Aucun","validated","socle | quiz","Socle","","","false","1","2026-06-07T00:00:00.000Z","2026-06-07T00:00:00.000Z"
"SOCLE-QUIZ-022","Quel mouvement graphique domine entre les années 1950 et 1970 ?","Style international / Suisse","Pop Art | Futurisme","","Culture graphique","Difficile","4","Quiz","Aucun","validated","socle | quiz","Socle","","","false","1","2026-06-07T00:00:00.000Z","2026-06-07T00:00:00.000Z"
"SOCLE-QUIZ-023","Quelles caractéristiques définissent le style graphique du Bauhaus ?","Typographies sans serif, Compositions géométriques, Grilles","Motifs floraux, couleurs pastel, inspiration artisanale | Illustrations baroques, textures chargées, ombres complexes","","Culture graphique","Difficile","4","Quiz","Aucun","validated","socle | quiz","Socle","","","false","1","2026-06-07T00:00:00.000Z","2026-06-07T00:00:00.000Z"
"SOCLE-QUIZ-024","Dans quel contexte est né le mouvement Pop Art ?","Explosion de la culture pop, consommation, médias de masse","Crise économique et rejet de la culture populaire | Volonté de revenir à des représentations religieuses classiques","","Culture graphique","Difficile","4","Quiz","Aucun","validated","socle | quiz","Socle","","","false","1","2026-06-07T00:00:00.000Z","2026-06-07T00:00:00.000Z"
"SOCLE-QUIZ-025","Quelle est la période du mouvement Arts & Crafts ?","1880-1910","1850-1880 | 1910-1930","","Culture graphique","Difficile","4","Quiz","Aucun","validated","socle | quiz","Socle","","","false","1","2026-06-07T00:00:00.000Z","2026-06-07T00:00:00.000Z"
"SOCLE-QUIZ-026","Quel mouvement succède historiquement à Arts & Crafts ?","Art nouveau","Psychédélisme | Postmodernisme","","Culture graphique","Difficile","4","Quiz","Aucun","validated","socle | quiz","Socle","","","false","1","2026-06-07T00:00:00.000Z","2026-06-07T00:00:00.000Z"
"SOCLE-QUIZ-027","Dans quel ordre ces mouvements sont-ils apparus ?","Art nouveau → Modernisme → Bauhaus","Bauhaus → Modernisme → Art nouveau | Art nouveau → Bauhaus → Modernisme","","Culture graphique","Difficile","4","Quiz","Aucun","validated","socle | quiz","Socle","","","false","1","2026-06-07T00:00:00.000Z","2026-06-07T00:00:00.000Z"
"SOCLE-QUIZ-028","Avec quel mouvement Max Bill est-il associé ?","Style international","Futurisme | Bauhaus","","Culture graphique","Difficile","4","Quiz","Aucun","validated","socle | quiz","Socle","","","false","1","2026-06-07T00:00:00.000Z","2026-06-07T00:00:00.000Z"
"SOCLE-QUIZ-029","Qu’est-ce que le « graphisme d’auteur » ?","Un style de graphisme personnel et identifiable","Un style de graphisme spécialisé dans le cinéma | Un style de graphisme destiné aux écrivains","","Culture graphique","Difficile","4","Quiz","Aucun","validated","socle | quiz","Socle","","","false","1","2026-06-07T00:00:00.000Z","2026-06-07T00:00:00.000Z"
"SOCLE-QUIZ-030","En quelle année Adobe crée-t-il le langage PostScript ?","1982","2005 | 2010","","Culture graphique","Difficile","4","Quiz","Aucun","validated","socle | quiz","Socle","","","false","1","2026-06-07T00:00:00.000Z","2026-06-07T00:00:00.000Z"
"SOCLE-QUIZ-031","Quelle pop star Andy Warhol a-t-il représentée dans sa célèbre sérigraphie de 1962 ?","Marilyn Monroe","Audrey Hepburn | Elvis Presley","","Culture graphique","Facile","2","Quiz","Aucun","validated","socle | quiz","Socle","","","false","1","2026-06-07T00:00:00.000Z","2026-06-07T00:00:00.000Z"
"SOCLE-QUIZ-032","Quel designer est à l’origine de la célèbre typographie Helvetica ?","Max Miedinger","Jan Tschichold | Adrian Frutiger","","Culture graphique","Facile","2","Quiz","Aucun","validated","socle | quiz","Socle","","","false","1","2026-06-07T00:00:00.000Z","2026-06-07T00:00:00.000Z"
"SOCLE-QUIZ-033","Quel designer est célèbre pour avoir créé le logo IBM et celui d’ABC ?","Paul Rand","Max Bill | Massimo Vignelli","","Culture graphique","Facile","2","Quiz","Aucun","validated","socle | quiz","Socle","","","false","1","2026-06-07T00:00:00.000Z","2026-06-07T00:00:00.000Z"
"SOCLE-QUIZ-034","Quel affichiste américain est célèbre pour le logo « I ❤️ NY » ?","Milton Glaser","David Carson | Michel Bouvet","","Culture graphique","Facile","2","Quiz","Aucun","validated","socle | quiz","Socle","","","false","1","2026-06-07T00:00:00.000Z","2026-06-07T00:00:00.000Z"
"SOCLE-QUIZ-035","Quel designer est connu pour son travail sur le métro de New York et le style minimaliste des identités visuelles ?","Massimo Vignelli","Philippe Apeloig | Max Bill","","Culture graphique","Facile","2","Quiz","Aucun","validated","socle | quiz","Socle","","","false","1","2026-06-07T00:00:00.000Z","2026-06-07T00:00:00.000Z"
"SOCLE-QUIZ-036","Pourquoi Paula Scher est-elle particulièrement reconnue dans l’histoire du graphisme ?","Pour ses affiches typographiques emblématiques","Pour ses affiches politiques illustrées | Pour son travail sur les logos animés","","Culture graphique","Difficile","4","Quiz","Aucun","validated","socle | quiz","Socle","","","false","1","2026-06-07T00:00:00.000Z","2026-06-07T00:00:00.000Z"
"SOCLE-QUIZ-037","Quel affichiste français est célèbre pour ses affiches publicitaires Art Déco comme celles pour les trains PLM ?","Cassandre","Roman Cieslewicz | Charles Loupot","","Culture graphique","Difficile","4","Quiz","Aucun","validated","socle | quiz","Socle","","","false","1","2026-06-07T00:00:00.000Z","2026-06-07T00:00:00.000Z"
"SOCLE-QUIZ-038","Qui est ce graphiste français emblématique du 20ᵉ siècle connu pour ses affiches pour Citroën et Parfums Bourjois ?","Charles Loupot","Michel Bouvet | Alain Le Quernec","","Culture graphique","Difficile","4","Quiz","Aucun","validated","socle | quiz","Socle","","","false","1","2026-06-07T00:00:00.000Z","2026-06-07T00:00:00.000Z"
"SOCLE-QUIZ-039","Quel typographe allemand a théorisé la « nouvelle typographie » et modernisé la mise en page dans les années 1920–1930 ?","Jan Tschichold","Stanley Morison | Roger Excoffon","","Culture graphique","Difficile","4","Quiz","Aucun","validated","socle | quiz","Socle","","","false","1","2026-06-07T00:00:00.000Z","2026-06-07T00:00:00.000Z"
"SOCLE-QUIZ-040","Quel artiste américain est connu pour son affiche « Hope » de Barack Obama et son travail street-art ?","Shepard Fairey","David Carson | Max Bill","","Culture graphique","Difficile","4","Quiz","Aucun","validated","socle | quiz","Socle","","","false","1","2026-06-07T00:00:00.000Z","2026-06-07T00:00:00.000Z"
"SOCLE-QUIZ-041","Comment s’appelle la coupure d’un mot en fin de ligne avec un tiret ?","Césure","Lettrine | Interligne","","Typographie","Facile","2","Quiz","Aucun","validated","socle | quiz","Socle","","","false","1","2026-06-07T00:00:00.000Z","2026-06-07T00:00:00.000Z"
"SOCLE-QUIZ-042","Quel terme désigne l’espace entre les lettres dans un texte ?","Interlettrage","Chasse | Crénage","","Typographie","Facile","2","Quiz","Aucun","validated","socle | quiz","Socle","","","false","1","2026-06-07T00:00:00.000Z","2026-06-07T00:00:00.000Z"
"SOCLE-QUIZ-043","Comment appelle-t-on l’ajustement de l’espace entre les lettres pour créer un rythme visuel ?","Crénage","Interlettrage | Approche","","Typographie","Difficile","4","Quiz","Aucun","validated","socle | quiz","Socle","","","false","1","2026-06-07T00:00:00.000Z","2026-06-07T00:00:00.000Z"
"SOCLE-QUIZ-044","Quel terme désigne la taille d’un caractère en typographie ?","Corps","Point | Chasse","","Typographie","Facile","2","Quiz","Aucun","validated","socle | quiz","Socle","","","false","1","2026-06-07T00:00:00.000Z","2026-06-07T00:00:00.000Z"
"SOCLE-QUIZ-045","Quel terme désigne la longueur d’un caractère, incluant l’espace avant et après la lettre ?","Chasse","Crénage | Approche","","Typographie","Difficile","4","Quiz","Aucun","validated","socle | quiz","Socle","","","false","1","2026-06-07T00:00:00.000Z","2026-06-07T00:00:00.000Z"
"SOCLE-QUIZ-046","Quel terme désigne l’espace entre deux lettres spécifique dans un mot pour améliorer la lisibilité ?","Approche","Crénage | Interlignage","","Typographie","Difficile","4","Quiz","Aucun","validated","socle | quiz","Socle","","","false","1","2026-06-07T00:00:00.000Z","2026-06-07T00:00:00.000Z"
"SOCLE-QUIZ-047","Quel terme désigne la fusion de deux lettres pour former un seul glyphe ?","Ligature","Crénage | Lettrine","","Typographie","Difficile","4","Quiz","Aucun","validated","socle | quiz","Socle","","","false","1","2026-06-07T00:00:00.000Z","2026-06-07T00:00:00.000Z"
"SOCLE-QUIZ-048","Comment s’appelle la représentation graphique d’un caractère ou symbole dans une police de caractères ?","Glyphe","Emoji | Caractère","","Typographie","Facile","2","Quiz","Aucun","validated","socle | quiz","Socle","","","false","1","2026-06-07T00:00:00.000Z","2026-06-07T00:00:00.000Z"
"SOCLE-QUIZ-049","Comment appelle-t-on une lettre majuscule en typographie ?","Capitale","Grande casse | Grande lettre","","Typographie","Facile","2","Quiz","Aucun","validated","socle | quiz","Socle","","","false","1","2026-06-07T00:00:00.000Z","2026-06-07T00:00:00.000Z"
"SOCLE-QUIZ-050","Quel terme désigne le trait principal d’une lettre ?","Haste","Chasse | Traverse","","Typographie","Difficile","4","Quiz","Aucun","validated","socle | quiz","Socle","","","false","1","2026-06-07T00:00:00.000Z","2026-06-07T00:00:00.000Z"
"SOCLE-QUIZ-051","Quel terme désigne l’épaisseur du trait d’une lettre ?","Graisse","Délié | Chasse","","Typographie","Facile","2","Quiz","Aucun","validated","socle | quiz","Socle","","","false","1","2026-06-07T00:00:00.000Z","2026-06-07T00:00:00.000Z"
"SOCLE-QUIZ-052","Quel mot désigne la largeur d’un caractère, incluant l’espace avant et après ?","Chasse","Corps | Approche","","Typographie","Difficile","4","Quiz","Aucun","validated","socle | quiz","Socle","","","false","1","2026-06-07T00:00:00.000Z","2026-06-07T00:00:00.000Z"
"SOCLE-QUIZ-053","Quel terme désigne le trait fin d’un caractère ?","Délié","Empattement | Graisse","","Typographie","Difficile","4","Quiz","Aucun","validated","socle | quiz","Socle","","","false","1","2026-06-07T00:00:00.000Z","2026-06-07T00:00:00.000Z"
"SOCLE-QUIZ-054","Quel terme désigne le trait horizontal d’une lettre, comme dans le “A” ou le “H” ?","Traverse","Haste | Bâton","","Typographie","Difficile","4","Quiz","Aucun","validated","socle | quiz","Socle","","","false","1","2026-06-07T00:00:00.000Z","2026-06-07T00:00:00.000Z"
"SOCLE-QUIZ-055","Comment appelle-t-on l’espace intérieur fermé d’une lettre, comme dans le “O” ou le “P” ?","Contre-poinçon","Chasse | Haste","","Typographie","Facile","2","Quiz","Aucun","validated","socle | quiz","Socle","","","false","1","2026-06-07T00:00:00.000Z","2026-06-07T00:00:00.000Z"
"SOCLE-QUIZ-056","Quel terme désigne la hauteur apparente d’une police ?","Hauteur d’œil","Hauteur de ligne | Hauteur de trait","","Typographie","Facile","2","Quiz","Aucun","validated","socle | quiz","Socle","","","false","1","2026-06-07T00:00:00.000Z","2026-06-07T00:00:00.000Z"
"SOCLE-QUIZ-057","Comment s’appelle la ligne sur laquelle reposent les lettres dans une mise en page typographique ?","Ligne de pied","Ligne de fond | Ligne de base","","Typographie","Facile","2","Quiz","Aucun","validated","socle | quiz","Socle","","","false","1","2026-06-07T00:00:00.000Z","2026-06-07T00:00:00.000Z"
"SOCLE-QUIZ-058","Quel terme désigne la courbe centrale d’un “S” dans une police de caractères ?","Spine","Spline | Sine","","Typographie","Difficile","4","Quiz","Aucun","validated","socle | quiz","Socle","","","false","1","2026-06-07T00:00:00.000Z","2026-06-07T00:00:00.000Z"
"SOCLE-QUIZ-059","Comment appelle-t-on l’espace entre deux caractères pour ajuster le rythme visuel d’un mot ?","Approche","Chasse | Crénage","","Typographie","Facile","2","Quiz","Aucun","validated","socle | quiz","Socle","","","false","1","2026-06-07T00:00:00.000Z","2026-06-07T00:00:00.000Z"
"SOCLE-QUIZ-060","Qu’est-ce qu’une typographie scriptes ?","Écriture manuscrite, lettres connectées","Empattements rectangulaires | Lettres géométriques et rigides","","Typographie","Facile","2","Quiz","Aucun","validated","socle | quiz","Socle","","","false","1","2026-06-07T00:00:00.000Z","2026-06-07T00:00:00.000Z"
"SOCLE-QUIZ-061","Qu’est-ce qu’une typographie décorative ?","Créative, pas de catégorie fixe","Sans empattements | Lettres reliées comme une écriture manuscrite","","Typographie","Facile","2","Quiz","Aucun","validated","socle | quiz","Socle","","","false","1","2026-06-07T00:00:00.000Z","2026-06-07T00:00:00.000Z"
"SOCLE-QUIZ-062","Qu’est-ce qu’une typographie mécane ?","Empattements rectangulaires","Lettres très fines | Sans empattements","","Typographie","Difficile","4","Quiz","Aucun","validated","socle | quiz","Socle","","","false","1","2026-06-07T00:00:00.000Z","2026-06-07T00:00:00.000Z"
"SOCLE-QUIZ-063","Qu’est-ce qu’une typographie serif ?","Avec empattements","Sans empattements | Lettres manuscrites","","Typographie","Facile","2","Quiz","Aucun","validated","socle | quiz","Socle","","","false","1","2026-06-07T00:00:00.000Z","2026-06-07T00:00:00.000Z"
"SOCLE-QUIZ-064","Qu’est-ce qu’une typographie sans-serif ?","Sans empattements","Sans les caractères spéciaux | Sans chiffres","","Typographie","Facile","2","Quiz","Aucun","validated","socle | quiz","Socle","","","false","1","2026-06-07T00:00:00.000Z","2026-06-07T00:00:00.000Z"
"SOCLE-QUIZ-065","Que suggère une typographie scriptes ?","Authenticité, humanité","Modernité et minimalisme | Solidité et confiance","","Typographie","Difficile","4","Quiz","Aucun","validated","socle | quiz","Socle","","","false","1","2026-06-07T00:00:00.000Z","2026-06-07T00:00:00.000Z"
"SOCLE-QUIZ-066","Que suggère une typographie décorative ?","Créativité, excentricité","Authenticité, humanité | Élégance, héritage","","Typographie","Difficile","4","Quiz","Aucun","validated","socle | quiz","Socle","","","false","1","2026-06-07T00:00:00.000Z","2026-06-07T00:00:00.000Z"
"SOCLE-QUIZ-067","Que suggère une typographie mécane ?","Solidité, confiance","Créativité, excentricité | Modernité, minimalisme","","Typographie","Difficile","4","Quiz","Aucun","validated","socle | quiz","Socle","","","false","1","2026-06-07T00:00:00.000Z","2026-06-07T00:00:00.000Z"
"SOCLE-QUIZ-068","Que suggère une typographie serif ?","Élégance, héritage","Modernité, minimalisme | Authenticité, humanité","","Typographie","Difficile","4","Quiz","Aucun","validated","socle | quiz","Socle","","","false","1","2026-06-07T00:00:00.000Z","2026-06-07T00:00:00.000Z"
"SOCLE-QUIZ-069","Que suggère une typographie sans-serif ?","Modernité, minimalisme","Élégance, héritage | Créativité, excentricité","","Typographie","Difficile","4","Quiz","Aucun","validated","socle | quiz","Socle","","","false","1","2026-06-07T00:00:00.000Z","2026-06-07T00:00:00.000Z"
"SOCLE-QUIZ-070","Parmi les propositions suivantes, quelle liste ne représente PAS une symbolique du rouge ?","Joie, positivité, maitrise","Force, puissance, agressivité | Interdiction, danger, action","","Signe et couleur","Facile","2","Quiz","Aucun","validated","socle | quiz","Socle","","","false","1","2026-06-07T00:00:00.000Z","2026-06-07T00:00:00.000Z"
"SOCLE-QUIZ-071","Parmi les propositions suivantes, quelle liste ne représente PAS une symbolique du bleu?","Questionnement, protection, adaptation","Fraîcheur, eau, ciel | Rêve, fidélité, loyauté","","Signe et couleur","Facile","2","Quiz","Aucun","validated","socle | quiz","Socle","","","false","1","2026-06-07T00:00:00.000Z","2026-06-07T00:00:00.000Z"
"SOCLE-QUIZ-072","Parmi les propositions suivantes, quelle liste ne représente PAS une symbolique du vert?","Maitrise, contrôle, amitié","Croissance, jeunesse, repos | Nature, écologie, renouveau","","Signe et couleur","Facile","2","Quiz","Aucun","validated","socle | quiz","Socle","","","false","1","2026-06-07T00:00:00.000Z","2026-06-07T00:00:00.000Z"
"SOCLE-QUIZ-073","Parmi les propositions suivantes, quelle liste ne représente PAS une symbolique du orange ?","Peur, rivalité, domination","Optimisme, énergie, dynamisme | Joie, créativité, communication","","Signe et couleur","Facile","2","Quiz","Aucun","validated","socle | quiz","Socle","","","false","1","2026-06-07T00:00:00.000Z","2026-06-07T00:00:00.000Z"
"SOCLE-QUIZ-074","Sur le cercle chromatique, comment appelle-t-on deux couleurs placées diamétralement opposées ?","Couleurs complémentaire","Couleurs analogues | Couleurs tertiaires","","Signe et couleur","Facile","2","Quiz","Aucun","validated","socle | quiz","Socle","","","false","1","2026-06-07T00:00:00.000Z","2026-06-07T00:00:00.000Z"
"SOCLE-QUIZ-075","Sur le cercle chromatique, que désigne une harmonie de couleurs analogues ?","Des couleurs adjacentes sur le cercle chromatique","Des couleurs réparties en triangle parfait | Des teintes opposées créant une tension visuelle","","Signe et couleur","Difficile","4","Quiz","Aucun","validated","socle | quiz","Socle","","","false","1","2026-06-07T00:00:00.000Z","2026-06-07T00:00:00.000Z"
"SOCLE-QUIZ-076","Dans le système Pantone, quelle est la particularité principale qui le distingue d’un système comme le CMYK ?","Il utilise des encres prédéfinies permettant une reproduction exacte et standardisée","Il est réservé exclusivement à l’impression | Il repose uniquement sur les trois primaires soustractives","","Signe et couleur","Difficile","4","Quiz","Aucun","validated","socle | quiz","Socle","","","false","1","2026-06-07T00:00:00.000Z","2026-06-07T00:00:00.000Z"
"SOCLE-QUIZ-077","Quel est le signifiant (c'est quoi ?) du contraste de couleurs complémentaires ? (Théorie des 7 contrastes de couleurs d'Itten)","Associations opposées dans le cercle chromatique","Trois couleurs équidistantes sur le cercle | Deux teintes issues du même pigment","","Signe et couleur","Difficile","4","Quiz","Aucun","validated","socle | quiz","Socle","","","false","1","2026-06-07T00:00:00.000Z","2026-06-07T00:00:00.000Z"
"SOCLE-QUIZ-078","Quel est le signifié (ça évoque quoi ?) du contraste de quantité selon Itten ? (Théorie des 7 contrastes de couleurs d'Itten)","Un rapport dominant/dominé qui permet de mettre en lumière ou d'isoler","Une association de couleurs exclusivement basée sur la saturation | Une parfaite égalité visuelle entre les teintes","","Signe et couleur","Difficile","4","Quiz","Aucun","validated","socle | quiz","Socle","","","false","1","2026-06-07T00:00:00.000Z","2026-06-07T00:00:00.000Z"
"SOCLE-QUIZ-079","Quel est le signifiant (c'est quoi ?) du contraste de couleurs “en soi” ? (Théorie des 7 contrastes de couleurs d'Itten)","Les couleurs primaires offrent le contraste le plus fort","Les couleurs vives sont plus facilement perceptibles de loin | Les couleurs chaudes sont en opposition avec les couleurs froides","","Signe et couleur","Difficile","4","Quiz","Aucun","validated","socle | quiz","Socle","","","false","1","2026-06-07T00:00:00.000Z","2026-06-07T00:00:00.000Z"
"SOCLE-QUIZ-080","Qui a designé le logo d’IBM en 1956 ?","Paul Rand","Pierre Faucheux | Max Bill","","Logo","Facile","2","Quiz","Aucun","validated","socle | quiz","Socle","","","false","1","2026-06-07T00:00:00.000Z","2026-06-07T00:00:00.000Z"
"SOCLE-QUIZ-081","Qui a designé le logo d’UPS en 1961 ?","Paul rand","Massimo Vignelli | Wim Crouwel","","Logo","Facile","2","Quiz","Aucun","validated","socle | quiz","Socle","","","false","1","2026-06-07T00:00:00.000Z","2026-06-07T00:00:00.000Z"
"SOCLE-QUIZ-082","Quel est le principe de création graphique le plus associé à Saul Bass ?","La réduction à l’essentiel","Les illustrations hyper-détaillées | Les superpositions colorées complexes","","Logo","Facile","2","Quiz","Aucun","validated","socle | quiz","Socle","","","false","1","2026-06-07T00:00:00.000Z","2026-06-07T00:00:00.000Z"
"SOCLE-QUIZ-083","Qui est le designer du logo Apple créé en 1977 ?","Rob Janoff","Milton Glaser | Adrian Frutiger","","Logo","Facile","2","Quiz","Aucun","validated","socle | quiz","Socle","","","false","1","2026-06-07T00:00:00.000Z","2026-06-07T00:00:00.000Z"
"SOCLE-QUIZ-084","Qu’a apporté Wally Olins au brand design ?","Une audace souvent radicale dans la construction d’identité de marque","L’introduction des couleurs fluorescentes dans le branding | La standardisation des typographies serif dans les logos","","Logo","Facile","2","Quiz","Aucun","validated","socle | quiz","Socle","","","false","1","2026-06-07T00:00:00.000Z","2026-06-07T00:00:00.000Z"
"SOCLE-QUIZ-085","Qu’est-ce qu’un logo monogramme ?","Un logo constitué uniquement de lettres","Un logo qui possède une illustration | Un logo qui ne peut pas avoir plusieurs éléments","","Logo","Difficile","4","Quiz","Aucun","validated","socle | quiz","Socle","","","false","1","2026-06-07T00:00:00.000Z","2026-06-07T00:00:00.000Z"
"SOCLE-QUIZ-086","Qu’est-ce qu’un logo abstrait ?","Un élément graphique qui ne représente rien de connu","Un élément graphique qui mélange forme et typographie | Un élément graphique basé sur une photographie","","Logo","Difficile","4","Quiz","Aucun","validated","socle | quiz","Socle","","","false","1","2026-06-07T00:00:00.000Z","2026-06-07T00:00:00.000Z"
"SOCLE-QUIZ-087","Qu’est-ce qu’un logo pictogramme ?","Un élément visuel représentant une forme reconnaissable","Un élément visuel minimaliste | Une icône abstraite conçue pour évoquer une idée générale","","Logo","Difficile","4","Quiz","Aucun","validated","socle | quiz","Socle","","","false","1","2026-06-07T00:00:00.000Z","2026-06-07T00:00:00.000Z"
"SOCLE-QUIZ-088","Que signifie la notion de “pérennité” dans la conception d’un logo ?","Le fait qu'il reste pertinent visuellement sur plusieurs décennies","Le fait que le logo puisse être animé facilement | Le fait de souvent actualiser son logo pour réster à la page","","Logo","Difficile","4","Quiz","Aucun","validated","socle | quiz","Socle","","","false","1","2026-06-07T00:00:00.000Z","2026-06-07T00:00:00.000Z"
"SOCLE-QUIZ-089","De quand date le dernier logo de la SNCF ?","2011","2001 | 2005","","Logo","Difficile","4","Quiz","Aucun","validated","socle | quiz","Socle","","","false","1","2026-06-07T00:00:00.000Z","2026-06-07T00:00:00.000Z"
"SOCLE-QUIZ-090","Quel est le format d’une feuille A4 ?","210 x 297 mm","297 x 420 mm | 148 x 210 mm","","Production","Facile","2","Quiz","Aucun","validated","socle | quiz","Socle","","","false","1","2026-06-07T00:00:00.000Z","2026-06-07T00:00:00.000Z"
"SOCLE-QUIZ-091","C’est quoi la sérigraphie ?","Une technique d’imprimerie qui utilise des pochoirs interposés entre l’encre et le support","Une technique qui consiste à imprimer directement sur le tissu avec une presse rotative | Une méthode d’impression en relief sur tissu","","Production","Facile","2","Quiz","Aucun","validated","socle | quiz","Socle","","","false","1","2026-06-07T00:00:00.000Z","2026-06-07T00:00:00.000Z"
"SOCLE-QUIZ-092","Lequel de ces types d’impression n’existe pas ?","La lamographie","La lithographie | La risographie","","Production","Facile","2","Quiz","Aucun","validated","socle | quiz","Socle","","","false","1","2026-06-07T00:00:00.000Z","2026-06-07T00:00:00.000Z"
"SOCLE-QUIZ-093","Quel type d’impression utilise des plaques métalliques pour transférer l’encre sur un rouleau en caoutchouc, puis sur le support ?","Impression offset","Impression jet d'encre | Impression laser","","Production","Facile","2","Quiz","Aucun","validated","socle | quiz","Socle","","","false","1","2026-06-07T00:00:00.000Z","2026-06-07T00:00:00.000Z"
"SOCLE-QUIZ-094","Quel profil de couleur doit-on appliquer à son fichier pour l’impression ?","CMJN","Hexadécimal | RGB","","Production","Facile","2","Quiz","Aucun","validated","socle | quiz","Socle","","","false","1","2026-06-07T00:00:00.000Z","2026-06-07T00:00:00.000Z"
"SOCLE-QUIZ-095","Quelle est la résolution minimum des images avant l’impression ?","300 DPI","150 DPI | 72 DPI","","Production","Facile","2","Quiz","Aucun","validated","socle | quiz","Socle","","","false","1","2026-06-07T00:00:00.000Z","2026-06-07T00:00:00.000Z"
"SOCLE-QUIZ-096","Quel est le format d’une feuille A2 ?","420 x 594 mm","148 x 210 mm | 594 x 841 mm","","Production","Difficile","4","Quiz","Aucun","validated","socle | quiz","Socle","","","false","1","2026-06-07T00:00:00.000Z","2026-06-07T00:00:00.000Z"
"SOCLE-QUIZ-097","Quelle est la norme internationale qui définit la plupart des formats de papier depuis 1975 ?","ISO 216","ISO 9001 | ISO 269","","Production","Difficile","4","Quiz","Aucun","validated","socle | quiz","Socle","","","false","1","2026-06-07T00:00:00.000Z","2026-06-07T00:00:00.000Z"
"SOCLE-QUIZ-098","Quelle lettre précède un numéro de format d’enveloppes ?","C","B | D","","Production","Difficile","4","Quiz","Aucun","validated","socle | quiz","Socle","","","false","1","2026-06-07T00:00:00.000Z","2026-06-07T00:00:00.000Z"
"SOCLE-QUIZ-099","Que signifie PNG ?","Portable Network Graphic","Pixel Network Graphic | Pixel Native Graphic","","Production","Difficile","4","Quiz","Aucun","validated","socle | quiz","Socle","","","false","1","2026-06-07T00:00:00.000Z","2026-06-07T00:00:00.000Z"
"SOCLE-QUIZ-100","Qu’est-ce qu’un signet dans un livre ?","Un morceau de papier ou de tissu qui permet de marquer une page d’un livre","Un rabat collé à la fin du livre pour protéger les pages | La signature de l’auteur en 4ème de couverture","","Production","Difficile","4","Quiz","Aucun","validated","socle | quiz","Socle","","","false","1","2026-06-07T00:00:00.000Z","2026-06-07T00:00:00.000Z"
"SOCLE-QUIZ-101","Quelle lettre est associée à un type de lecture en composition ?","Z","Y | S","","Composition","Facile","2","Quiz","Aucun","validated","socle | quiz","Socle","","","false","1","2026-06-07T00:00:00.000Z","2026-06-07T00:00:00.000Z"
"SOCLE-QUIZ-102","Laquelle de ces affirmations décrit correctement la loi de Gestalt “figure / fond” ?","Notre perception distingue un objet principal (figure) de son arrière-plan (fond)","Des éléments identiques sont automatiquement regroupés en un ensemble | Les formes fermées sont perçues comme des unités complètes","","Composition","Facile","2","Quiz","Aucun","validated","socle | quiz","Socle","","","false","1","2026-06-07T00:00:00.000Z","2026-06-07T00:00:00.000Z"
"SOCLE-QUIZ-103","Combien vaut le nombre d’or ?","1.618","1.816 | 1.168","","Composition","Facile","2","Quiz","Aucun","validated","socle | quiz","Socle","","","false","1","2026-06-07T00:00:00.000Z","2026-06-07T00:00:00.000Z"
"SOCLE-QUIZ-104","Comment s’appelle la zone de débordement qui sera découpée après impression ?","Fond perdu","Marge extérieure | Bordure extérieur","","Composition","Facile","2","Quiz","Aucun","validated","socle | quiz","Socle","","","false","1","2026-06-07T00:00:00.000Z","2026-06-07T00:00:00.000Z"
"SOCLE-QUIZ-105","Comment s’appelle l’espace entre les colonnes dans une grille ?","Gouttière","Intercol | Gap","","Composition","Facile","2","Quiz","Aucun","validated","socle | quiz","Socle","","","false","1","2026-06-07T00:00:00.000Z","2026-06-07T00:00:00.000Z"
"SOCLE-QUIZ-106","Qu’est-ce que le gris typographique, dans une composition ?","Un concept qui englobe plusieurs éléments définis pour donner un bon équilibre à une composition","La répartition du texte et des images pour créer un contraste visuel | L’équilibre d’opacité entre noir et gris pour hiérarchiser les informations","","Composition","Difficile","4","Quiz","Aucun","validated","socle | quiz","Socle","","","false","1","2026-06-07T00:00:00.000Z","2026-06-07T00:00:00.000Z"
"SOCLE-QUIZ-107","Quelle est la loi de Gestalt qui fait que des éléments proches sont perçus comme un groupe ?","Proximité","Similarité | Similitude","","Composition","Difficile","4","Quiz","Aucun","validated","socle | quiz","Socle","","","false","1","2026-06-07T00:00:00.000Z","2026-06-07T00:00:00.000Z"
"SOCLE-QUIZ-108","Quel type de grille se divise dans sa largeur en colonnes (de 2 à 6 pour les plus simples) ?","Grille multicolonne","Grille à colonnes | Grille modulaire","","Composition","Difficile","4","Quiz","Aucun","validated","socle | quiz","Socle","","","false","1","2026-06-07T00:00:00.000Z","2026-06-07T00:00:00.000Z"
"SOCLE-QUIZ-109","Qu’est-ce qu’une grille modulaire ?","Une grille composée de colonnes verticales et horizontales","Une grille asymétrique | Une grille qui propose plusieurs variantes pour des doubles pages","","Composition","Difficile","4","Quiz","Aucun","validated","socle | quiz","Socle","","","false","1","2026-06-07T00:00:00.000Z","2026-06-07T00:00:00.000Z"
"SOCLE-QUIZ-110","Comment s’appelle la marge intérieure d’une double page ?","Le petit fond","Le fond de tête | Le fond interne","","Composition","Difficile","4","Quiz","Aucun","validated","socle | quiz","Socle","","","false","1","2026-06-07T00:00:00.000Z","2026-06-07T00:00:00.000Z"
"SOCLE-BUZZER-001","Qu'est-ce que le gris typographique ?","Un concept qui englobe plusieurs éléments définis pour donner un bon équilibre à une composition","L'équilibre d'opacité entre noir et gris pour hiérarchiser les informations | La répartition du texte et des images pour créer un contraste visuel","Le gris typographique désigne l'équilibre visuel créé par la densité du texte sur une page.","Composition","Moyen","3","Défi","Buzzer","validated","socle | défi | buzzer","Socle","","","false","1","2026-06-07T00:00:00.000Z","2026-06-07T00:00:00.000Z"
"SOCLE-BUZZER-002","Citez 3 formats d'image","JPG, PNG, GIF","DOC, PDF, TXT | MP3, WAV, FLAC","Il existe de nombreux formats d'images adaptés à différents usages.","Production","Moyen","3","Défi","Buzzer","validated","socle | défi | buzzer","Socle","","","false","1","2026-06-07T00:00:00.000Z","2026-06-07T00:00:00.000Z"
"SOCLE-BUZZER-003","Quelle est la couleur complémentaire du rouge ?","Le vert","Le jaune | Le violet","Dans le cercle chromatique, les couleurs complémentaires sont opposées.","Signe et couleur","Moyen","3","Défi","Buzzer","validated","socle | défi | buzzer","Socle","","","false","1","2026-06-07T00:00:00.000Z","2026-06-07T00:00:00.000Z"
"SOCLE-BUZZER-004","Quel raccourci clavier permet de tout sélectionner ?","Ctrl + A (Cmd + A)","Ctrl + C (Cmd + C) | Ctrl + Z (Cmd + Z)","Ce raccourci universel fonctionne dans la plupart des logiciels.","Production","Moyen","3","Défi","Buzzer","validated","socle | défi | buzzer","Socle","","","false","1","2026-06-07T00:00:00.000Z","2026-06-07T00:00:00.000Z"
"SOCLE-BUZZER-005","Qu'est-ce qu'une typographie serif ?","Une typographie avec empattements","Une typographie uniquement en capitales | Une typographie sans contraste de pleins et déliés","Les serif sont souvent utilisées pour les textes longs car elles facilitent la lecture.","Typographie","Moyen","3","Défi","Buzzer","validated","socle | défi | buzzer","Socle","","","false","1","2026-06-07T00:00:00.000Z","2026-06-07T00:00:00.000Z"
"SOCLE-VRAIOUFAUX-001","Le RGB est un modèle de couleur additif utilisé principalement pour les écrans.","Vrai","Faux","Le RGB (Rouge, Vert, Bleu) est effectivement un modèle additif utilisé pour les écrans.","Signe et couleur","Moyen","3","Défi","Vrai/Faux","validated","socle | défi | vrai/faux","Socle","","","false","1","2026-06-07T00:00:00.000Z","2026-06-07T00:00:00.000Z"
"SOCLE-VRAIOUFAUX-002","Le CMJN est un mode colorimétrique généralement destiné à l’impression.","Vrai","Faux","Le CMJN correspond aux encres cyan, magenta, jaune et noir utilisées en impression.","Signe et couleur","Moyen","3","Défi","Vrai/Faux","validated","socle | défi | vrai/faux","Socle","","","false","1","2026-06-07T00:00:00.000Z","2026-06-07T00:00:00.000Z"
"SOCLE-VRAIOUFAUX-003","Une typographie sans serif possède des empattements.","Faux","Vrai","Une typographie sans serif est justement une typographie sans empattements.","Typographie","Moyen","3","Défi","Vrai/Faux","validated","socle | défi | vrai/faux","Socle","","","false","1","2026-06-07T00:00:00.000Z","2026-06-07T00:00:00.000Z"
"SOCLE-VRAIOUFAUX-004","Le fond perdu sert à éviter un liseré blanc après la coupe d’un document imprimé.","Vrai","Faux","Le fond perdu prolonge les éléments graphiques au-delà du format final pour sécuriser la découpe.","Production","Moyen","3","Défi","Vrai/Faux","validated","socle | défi | vrai/faux","Socle","","","false","1","2026-06-07T00:00:00.000Z","2026-06-07T00:00:00.000Z"
"SOCLE-VRAIOUFAUX-005","Une image destinée à l’impression est souvent préparée autour de 300 DPI.","Vrai","Faux","300 DPI est une résolution de référence courante pour une impression de qualité.","Production","Moyen","3","Défi","Vrai/Faux","validated","socle | défi | vrai/faux","Socle","","","false","1","2026-06-07T00:00:00.000Z","2026-06-07T00:00:00.000Z"
"SOCLE-VRAIOUFAUX-006","Le crénage désigne l’ajustement de l’espace entre deux lettres précises.","Vrai","Faux","Le crénage agit sur des paires de lettres, contrairement à l’interlettrage qui concerne un ensemble plus large.","Typographie","Moyen","3","Défi","Vrai/Faux","validated","socle | défi | vrai/faux","Socle","","","false","1","2026-06-07T00:00:00.000Z","2026-06-07T00:00:00.000Z"
"SOCLE-VRAIOUFAUX-007","La loi de proximité en Gestalt indique que des éléments proches sont perçus comme liés.","Vrai","Faux","La proximité fait partie des principes de Gestalt qui organisent notre perception visuelle.","Composition","Moyen","3","Défi","Vrai/Faux","validated","socle | défi | vrai/faux","Socle","","","false","1","2026-06-07T00:00:00.000Z","2026-06-07T00:00:00.000Z"
"SOCLE-VRAIOUFAUX-008","Un logo pérenne est un logo qui suit toujours la dernière tendance graphique.","Faux","Vrai","La pérennité vise au contraire une identité capable de durer au-delà des modes passagères.","Logo","Moyen","3","Défi","Vrai/Faux","validated","socle | défi | vrai/faux","Socle","","","false","1","2026-06-07T00:00:00.000Z","2026-06-07T00:00:00.000Z"
"SOCLE-VRAIOUFAUX-009","Deux couleurs complémentaires sont placées côte à côte sur le cercle chromatique.","Faux","Vrai","Deux couleurs complémentaires sont placées à l’opposé l’une de l’autre sur le cercle chromatique.","Signe et couleur","Moyen","3","Défi","Vrai/Faux","validated","socle | défi | vrai/faux","Socle","","","false","1","2026-06-07T00:00:00.000Z","2026-06-07T00:00:00.000Z"
"SOCLE-VRAIOUFAUX-010","Le format A3 est plus grand que le format A4.","Vrai","Faux","Dans la série A, plus le chiffre est petit, plus le format est grand : A3 est donc plus grand qu’A4.","Production","Moyen","3","Défi","Vrai/Faux","validated","socle | défi | vrai/faux","Socle","","","false","1","2026-06-07T00:00:00.000Z","2026-06-07T00:00:00.000Z"
"SOCLE-CHIFFRES-001","Donnez la valeur précise du nombre d'or ?","1,618","","Le nombre d'or (phi) vaut 1,618... soit 1618 pour 4 chiffres significatifs.","Composition","Moyen","3","Défi","Chiffres","validated","socle | défi | chiffres","Socle","","","false","1","2026-06-07T00:00:00.000Z","2026-06-07T00:00:00.000Z"
"SOCLE-CHIFFRES-002","Combien de centimètres ?","15,64","","15,64 cm.","Production","Moyen","3","Défi","Chiffres","validated","socle | défi | chiffres","Socle","","","false","1","2026-06-07T00:00:00.000Z","2026-06-07T00:00:00.000Z"
"SOCLE-CHIFFRES-003","Nombre de points DPI standard pour l'impression offset ?","300","","300 DPI est le standard pour l'impression de qualité.","Production","Moyen","3","Défi","Chiffres","validated","socle | défi | chiffres","Socle","","","false","1","2026-06-07T00:00:00.000Z","2026-06-07T00:00:00.000Z"
"LIVRE-CULTURE-NULS-01","Quel domaine du design graphique s'occupe principalement de la mise en page de livres, magazines et autres supports de lecture ?","Le design éditorial","Le motion design | Le design publicitaire","Le design éditorial organise les contenus d'un support de lecture afin de les rendre lisibles et cohérents.","Culture graphique","Pour les nuls","1","Quiz","Aucun","pending","livre | design éditorial","Le design graphique — savoirs & savoir-faire","20","","false","0.98","2026-06-07T00:00:00.000Z","2026-06-07T00:00:00.000Z"
"LIVRE-CULTURE-NULS-02","À quels supports le design UX/UI est-il principalement destiné ?","Aux sites, applications et logiciels","Aux emballages imprimés | Aux reliures de livres","Le design UX/UI conçoit des interfaces numériques et l'expérience globale de leur utilisation.","Culture graphique","Pour les nuls","1","Quiz","Aucun","pending","livre | UX/UI","Le design graphique — savoirs & savoir-faire","20","","false","0.98","2026-06-07T00:00:00.000Z","2026-06-07T00:00:00.000Z"
"LIVRE-CULTURE-NULS-03","Qu'est-ce qu'un moodboard ?","Un collage visuel qui traduit une ambiance et un style","Un devis détaillé d'impression | Une grille de mise en page définitive","Le moodboard rassemble notamment images, couleurs, textures et éléments graphiques pour orienter l'esthétique d'un projet.","Culture graphique","Pour les nuls","1","Quiz","Aucun","pending","livre | moodboard | créativité","Le design graphique — savoirs & savoir-faire","25","","false","0.98","2026-06-07T00:00:00.000Z","2026-06-07T00:00:00.000Z"
"LIVRE-CULTURE-MOYEN-01","Dans la chaîne graphique, quelle phase vient immédiatement après la stratégie ?","La création","La finition | La distribution et la diffusion","Le livre présente l'ordre suivant : stratégie, création, réalisation, finition, puis distribution et diffusion.","Culture graphique","Moyen","3","Quiz","Aucun","pending","livre | chaîne graphique","Le design graphique — savoirs & savoir-faire","22","","false","0.98","2026-06-07T00:00:00.000Z","2026-06-07T00:00:00.000Z"
"LIVRE-CULTURE-MOYEN-02","Pendant la première phase d'un brainstorming, quelle attitude favorise la production d'idées ?","Exprimer un maximum d'idées sans les juger","Écarter immédiatement les idées irréalistes | Ne conserver que l'avis du commanditaire","Le jugement et l'évaluation viennent après la phase d'expression libre.","Culture graphique","Moyen","3","Quiz","Aucun","pending","livre | brainstorming | créativité","Le design graphique — savoirs & savoir-faire","24","","false","0.98","2026-06-07T00:00:00.000Z","2026-06-07T00:00:00.000Z"
"LIVRE-CULTURE-MOYEN-03","Quel est l'objectif principal d'un benchmark dans un projet graphique ?","Comparer des références pour repérer les bonnes pratiques","Choisir définitivement une police | Calculer le coût exact du papier","Le benchmark aide à apprendre de références comparables et à dégager des pistes d'amélioration ou d'innovation.","Culture graphique","Moyen","3","Quiz","Aucun","pending","livre | benchmark | méthode","Le design graphique — savoirs & savoir-faire","25","","false","0.98","2026-06-07T00:00:00.000Z","2026-06-07T00:00:00.000Z"
"LIVRE-CULTURE-EXPERT-01","Quel enchaînement respecte l'ordre complet des cinq phases de la chaîne graphique présenté dans le livre ?","Stratégie, création, réalisation, finition, distribution et diffusion","Création, stratégie, finition, réalisation, diffusion | Stratégie, réalisation, création, diffusion, finition","Cet ordre accompagne le projet depuis sa définition jusqu'à sa mise à disposition du public.","Culture graphique","Expert","5","Quiz","Aucun","pending","livre | chaîne graphique | processus","Le design graphique — savoirs & savoir-faire","22","","false","0.98","2026-06-07T00:00:00.000Z","2026-06-07T00:00:00.000Z"
"LIVRE-CULTURE-EXPERT-02","Quelle association décrit correctement le motion design ?","Des éléments graphiques et sonores mis en mouvement","Des emballages conçus uniquement à partir de papier | Des caractères typographiques gravés sur une plaque","Le motion design construit des animations dynamiques en combinant le graphisme, le mouvement et souvent le son.","Culture graphique","Expert","5","Quiz","Aucun","pending","livre | motion design","Le design graphique — savoirs & savoir-faire","21","","false","0.98","2026-06-07T00:00:00.000Z","2026-06-07T00:00:00.000Z"
"LIVRE-CULTURE-EXPERT-03","Dans une carte mentale, pourquoi relie-t-on visuellement mots-clés, champs sémantiques et concepts ?","Pour faire apparaître des connexions utiles au début du projet","Pour remplacer la totalité du cahier des charges | Pour fixer les choix de production avant la recherche","La carte mentale organise visuellement l'information afin de favoriser les associations et l'exploration.","Culture graphique","Expert","5","Quiz","Aucun","pending","livre | mind mapping | créativité","Le design graphique — savoirs & savoir-faire","24","","false","0.98","2026-06-07T00:00:00.000Z","2026-06-07T00:00:00.000Z"
"LIVRE-TYPO-NULS-01","Quel détail caractérise une typographie serif ?","Elle possède des empattements","Elle est toujours écrite en capitales | Elle ne contient aucun signe de ponctuation","Les serif se reconnaissent à leurs empattements, ces petites extensions placées aux extrémités des lettres.","Typographie","Pour les nuls","1","Quiz","Aucun","pending","livre | serif | familles typographiques","Le design graphique — savoirs & savoir-faire","53","","false","0.98","2026-06-07T00:00:00.000Z","2026-06-07T00:00:00.000Z"
"LIVRE-TYPO-NULS-02","Comment reconnaît-on généralement une typographie sans serif ?","Elle ne possède pas d'empattements","Elle imite obligatoirement l'écriture manuscrite | Elle utilise uniquement des chiffres","Les sans serif présentent des formes dépourvues d'empattements et sont souvent associées à la clarté et à la modernité.","Typographie","Pour les nuls","1","Quiz","Aucun","pending","livre | sans serif | familles typographiques","Le design graphique — savoirs & savoir-faire","49","","false","0.98","2026-06-07T00:00:00.000Z","2026-06-07T00:00:00.000Z"
"LIVRE-TYPO-NULS-03","Que désigne une police de caractères ?","Un ensemble cohérent de lettres, chiffres, signes et glyphes","La couleur de fond d'un paragraphe | Le format physique d'une feuille","Une police réunit les caractères d'un même dessin, avec éventuellement plusieurs graisses et inclinaisons.","Typographie","Pour les nuls","1","Quiz","Aucun","pending","livre | police de caractères | bases","Le design graphique — savoirs & savoir-faire","45","","false","0.98","2026-06-07T00:00:00.000Z","2026-06-07T00:00:00.000Z"
"LIVRE-TYPO-MOYEN-01","À quoi servent principalement les contrastes typographiques dans une mise en page ?","À créer une hiérarchie et guider le regard","À convertir les couleurs en CMJN | À réduire automatiquement le poids du fichier","Les variations de taille, style, casse ou police structurent l'information et rendent les niveaux de lecture visibles.","Typographie","Moyen","3","Quiz","Aucun","pending","livre | contraste | hiérarchie","Le design graphique — savoirs & savoir-faire","65","","false","0.98","2026-06-07T00:00:00.000Z","2026-06-07T00:00:00.000Z"
"LIVRE-TYPO-MOYEN-02","Pourquoi les typographies scriptes doivent-elles être utilisées avec précaution ?","Leur dessin cursif peut rendre la lecture difficile","Elles ne peuvent pas contenir de minuscules | Elles sont incompatibles avec l'impression","Leur aspect manuscrit, connecté et fluide apporte de la personnalité, mais peut diminuer la lisibilité.","Typographie","Moyen","3","Quiz","Aucun","pending","livre | scriptes | lisibilité","Le design graphique — savoirs & savoir-faire","63","","false","0.98","2026-06-07T00:00:00.000Z","2026-06-07T00:00:00.000Z"
"LIVRE-TYPO-MOYEN-03","Quel était le nom d'origine de la typographie Helvetica ?","Neue Haas Grotesk","Times Modern | Futura Helvetica","Créée par Max Miedinger en 1957, elle a ensuite été renommée Helvetica en référence à la Suisse.","Typographie","Moyen","3","Quiz","Aucun","pending","livre | Helvetica | histoire","Le design graphique — savoirs & savoir-faire","69","","false","0.98","2026-06-07T00:00:00.000Z","2026-06-07T00:00:00.000Z"
"LIVRE-TYPO-EXPERT-01","Quelle association concernant Futura est exacte ?","Paul Renner, 1927, construction géométrique","Max Miedinger, 1957, construction humaniste | Stanley Morison, 1929, écriture scripte","Futura est dessinée par Paul Renner en 1927 et s'inscrit dans une esthétique géométrique proche du Bauhaus.","Typographie","Expert","5","Quiz","Aucun","pending","livre | Futura | histoire","Le design graphique — savoirs & savoir-faire","68","","false","0.98","2026-06-07T00:00:00.000Z","2026-06-07T00:00:00.000Z"
"LIVRE-TYPO-EXPERT-02","Quel besoin éditorial a orienté la création de Times New Roman pour le journal The Times ?","Économiser de l'encre tout en restant confortable à lire","Imiter une écriture manuscrite pour les titres | Créer une police réservée aux interfaces mobiles","Stanley Morison travaille sur une serif compacte, lisible et adaptée aux longs articles du journal.","Typographie","Expert","5","Quiz","Aucun","pending","livre | Times New Roman | histoire","Le design graphique — savoirs & savoir-faire","70","","false","0.98","2026-06-07T00:00:00.000Z","2026-06-07T00:00:00.000Z"
"LIVRE-TYPO-EXPERT-03","Quel choix typographique risque de réduire la lisibilité sur écran ?","Un contraste très marqué entre pleins et déliés","Une taille adaptée à la résolution | Un contraste suffisant entre le texte et le fond","Les traits très fins de caractères à fort contraste peuvent mal résister à l'affichage en pixels.","Typographie","Expert","5","Quiz","Aucun","pending","livre | écran | lisibilité","Le design graphique — savoirs & savoir-faire","71","","false","0.98","2026-06-07T00:00:00.000Z","2026-06-07T00:00:00.000Z"
"LIVRE-SIGNE-NULS-01","Quel mode colorimétrique est principalement utilisé pour les écrans ?","RVB","CMJN | Pantone métallique","Les écrans produisent les couleurs par synthèse additive à partir du rouge, du vert et du bleu.","Signe et couleur","Pour les nuls","1","Quiz","Aucun","pending","livre | RVB | couleur","Le design graphique — savoirs & savoir-faire","31","","false","0.98","2026-06-07T00:00:00.000Z","2026-06-07T00:00:00.000Z"
"LIVRE-SIGNE-NULS-02","Quel mode colorimétrique est couramment utilisé pour l'impression en quadrichromie ?","CMJN","RVB | TSL écran","La quadrichromie combine les encres cyan, magenta, jaune et noir.","Signe et couleur","Pour les nuls","1","Quiz","Aucun","pending","livre | CMJN | couleur","Le design graphique — savoirs & savoir-faire","31","","false","0.98","2026-06-07T00:00:00.000Z","2026-06-07T00:00:00.000Z"
"LIVRE-SIGNE-NULS-03","Où se trouvent deux couleurs complémentaires sur le cercle chromatique ?","À l'opposé l'une de l'autre","Toujours côte à côte | Toujours au centre du cercle","Les couleurs opposées sur le cercle forment un contraste complémentaire.","Signe et couleur","Pour les nuls","1","Quiz","Aucun","pending","livre | cercle chromatique | complémentaires","Le design graphique — savoirs & savoir-faire","32","","false","0.98","2026-06-07T00:00:00.000Z","2026-06-07T00:00:00.000Z"
"LIVRE-SIGNE-MOYEN-01","Dans la théorie du signe de Saussure, qu'est-ce que le signifiant ?","La forme matérielle et perceptible du signe","Le concept abstrait associé au signe | La personne qui commande le projet","Le signifiant peut être un mot, un son ou une image ; le signifié correspond au contenu conceptuel.","Signe et couleur","Moyen","3","Quiz","Aucun","pending","livre | sémiologie | Saussure","Le design graphique — savoirs & savoir-faire","27","","false","0.98","2026-06-07T00:00:00.000Z","2026-06-07T00:00:00.000Z"
"LIVRE-SIGNE-MOYEN-02","Comment obtient-on une teinte plus claire à partir d'une couleur ?","En lui ajoutant du blanc","En lui ajoutant uniquement du noir | En supprimant toute luminosité","L'ajout de blanc éclaircit la couleur et produit une teinte.","Signe et couleur","Moyen","3","Quiz","Aucun","pending","livre | teinte | couleur","Le design graphique — savoirs & savoir-faire","33","","false","0.98","2026-06-07T00:00:00.000Z","2026-06-07T00:00:00.000Z"
"LIVRE-SIGNE-MOYEN-03","Dans le vocabulaire du livre, comment produit-on une nuance ou un ton plus subtil ?","En ajoutant du gris, donc du blanc et du noir","En ajoutant uniquement une couleur primaire | En convertissant automatiquement la couleur en RVB","L'ajout de gris assombrit et désature la couleur, ce qui la rend moins intense.","Signe et couleur","Moyen","3","Quiz","Aucun","pending","livre | nuance | couleur","Le design graphique — savoirs & savoir-faire","33","","false","0.98","2026-06-07T00:00:00.000Z","2026-06-07T00:00:00.000Z"
"LIVRE-SIGNE-EXPERT-01","Que mesure l'échelle d'iconicité proposée par Abraham Moles ?","Le degré de ressemblance d'un signe avec ce qu'il représente","La quantité d'encre nécessaire à son impression | La lisibilité d'un texte selon son corps","L'échelle va d'une représentation très fidèle du réel vers des signes de plus en plus abstraits.","Signe et couleur","Expert","5","Quiz","Aucun","pending","livre | iconicité | Abraham Moles","Le design graphique — savoirs & savoir-faire","30","","false","0.98","2026-06-07T00:00:00.000Z","2026-06-07T00:00:00.000Z"
"LIVRE-SIGNE-EXPERT-02","En synthèse additive, quel résultat obtient-on lorsque le rouge, le vert et le bleu sont additionnés à leur intensité maximale ?","Du blanc","Du noir | Du brun","La synthèse additive additionne des lumières ; leur combinaison maximale produit le blanc.","Signe et couleur","Expert","5","Quiz","Aucun","pending","livre | synthèse additive | RVB","Le design graphique — savoirs & savoir-faire","31","","false","0.98","2026-06-07T00:00:00.000Z","2026-06-07T00:00:00.000Z"
"LIVRE-SIGNE-EXPERT-03","Combien le cercle chromatique présenté compte-t-il de couleurs primaires, secondaires et tertiaires au total ?","12","9 | 18","Il réunit 3 couleurs primaires, 3 secondaires et 6 tertiaires, soit 12 couleurs.","Signe et couleur","Expert","5","Quiz","Aucun","pending","livre | cercle chromatique | harmonies","Le design graphique — savoirs & savoir-faire","32","","false","0.98","2026-06-07T00:00:00.000Z","2026-06-07T00:00:00.000Z"
"LIVRE-LOGO-NULS-01","De quoi est composé un logo typographique ?","Uniquement de texte","Uniquement d'une photographie | Uniquement d'un dégradé abstrait","Le nom de la marque est dessiné ou stylisé sans symbole figuratif séparé.","Logo","Pour les nuls","1","Quiz","Aucun","pending","livre | logo typographique","Le design graphique — savoirs & savoir-faire","29","","false","0.98","2026-06-07T00:00:00.000Z","2026-06-07T00:00:00.000Z"
"LIVRE-LOGO-NULS-02","Quel type de logo personnifie une marque sous la forme d'un animal ou d'un personnage ?","Une mascotte","Un monogramme | Un emblème abstrait","La mascotte donne un visage ou un personnage reconnaissable à la marque.","Logo","Pour les nuls","1","Quiz","Aucun","pending","livre | mascotte | types de logos","Le design graphique — savoirs & savoir-faire","29","","false","0.98","2026-06-07T00:00:00.000Z","2026-06-07T00:00:00.000Z"
"LIVRE-LOGO-NULS-03","Quel type de logo représente un élément visuel connu, comme une pomme ou un oiseau ?","Un pictogramme","Un logo abstrait | Un logo uniquement sonore","Le pictogramme s'appuie sur une forme identifiable issue du monde réel.","Logo","Pour les nuls","1","Quiz","Aucun","pending","livre | pictogramme | types de logos","Le design graphique — savoirs & savoir-faire","29","","false","0.98","2026-06-07T00:00:00.000Z","2026-06-07T00:00:00.000Z"
"LIVRE-LOGO-MOYEN-01","Qu'est-ce qu'un monogramme dans une identité visuelle ?","Un signe construit avec quelques lettres ou initiales","Une photographie complète du produit | Une gamme de couleurs sans aucun caractère","Le monogramme condense généralement le nom d'une marque dans ses initiales.","Logo","Moyen","3","Quiz","Aucun","pending","livre | monogramme | types de logos","Le design graphique — savoirs & savoir-faire","29","","false","0.98","2026-06-07T00:00:00.000Z","2026-06-07T00:00:00.000Z"
"LIVRE-LOGO-MOYEN-02","À quelle forme traditionnelle un logo de type emblème fait-il souvent penser ?","À un sceau ou un blason","À une photographie panoramique | À une grille modulaire invisible","L'emblème rassemble généralement texte et symbole dans une forme fermée évoquant un sceau ou un blason.","Logo","Moyen","3","Quiz","Aucun","pending","livre | emblème | types de logos","Le design graphique — savoirs & savoir-faire","29","","false","0.98","2026-06-07T00:00:00.000Z","2026-06-07T00:00:00.000Z"
"LIVRE-LOGO-MOYEN-03","Quelle particularité définit un logo abstrait ?","Sa forme ne représente rien de directement reconnaissable","Il reproduit fidèlement un objet réel | Il doit obligatoirement écrire le nom complet de la marque","Le logo abstrait construit un signe distinctif sans représenter un élément connu.","Logo","Moyen","3","Quiz","Aucun","pending","livre | abstraction | types de logos","Le design graphique — savoirs & savoir-faire","29","","false","0.98","2026-06-07T00:00:00.000Z","2026-06-07T00:00:00.000Z"
"LIVRE-LOGO-EXPERT-01","Une identité n'utilise que les lettres « LCG » dessinées comme un signe unique. De quel type de logo s'agit-il ?","D'un monogramme","D'une mascotte | D'un pictogramme figuratif","L'emploi de quelques initiales assemblées correspond au principe du monogramme.","Logo","Expert","5","Quiz","Aucun","pending","livre | monogramme | mise en situation","Le design graphique — savoirs & savoir-faire","29","","false","0.98","2026-06-07T00:00:00.000Z","2026-06-07T00:00:00.000Z"
"LIVRE-LOGO-EXPERT-02","Dans le design de marque, quelle fonction dépasse la simple reconnaissance visuelle du logo ?","Révéler la marque et ses valeurs par un système graphique","Déterminer uniquement le grammage du papier | Remplacer toute stratégie de communication","Le design de marque construit une identité visuelle capable d'identifier les produits et d'exprimer les valeurs de la marque.","Logo","Expert","5","Quiz","Aucun","pending","livre | identité visuelle | design de marque","Le design graphique — savoirs & savoir-faire","21","","false","0.98","2026-06-07T00:00:00.000Z","2026-06-07T00:00:00.000Z"
"LIVRE-LOGO-EXPERT-03","Sur l'échelle d'iconicité, quelle transformation rend généralement un symbole de logo moins iconique ?","L'éloigner de la ressemblance avec un objet réel","Augmenter la fidélité photographique | Ajouter davantage de détails réalistes","Plus un signe s'éloigne d'une représentation fidèle du réel, plus il se rapproche de l'abstraction.","Logo","Expert","5","Quiz","Aucun","pending","livre | iconicité | abstraction","Le design graphique — savoirs & savoir-faire","30","","false","0.98","2026-06-07T00:00:00.000Z","2026-06-07T00:00:00.000Z"
"LIVRE-COMPO-NULS-01","Comment appelle-t-on traditionnellement un format vertical en mise en page ?","Un format à la française","Un format à l'italienne | Un format en accordéon","Le format vertical est dit « à la française », tandis que l'horizontal est dit « à l'italienne ».","Composition","Pour les nuls","1","Quiz","Aucun","pending","livre | format | mise en page","Le design graphique — savoirs & savoir-faire","76","","false","0.98","2026-06-07T00:00:00.000Z","2026-06-07T00:00:00.000Z"
"LIVRE-COMPO-NULS-02","À quoi sert principalement une grille de mise en page ?","À organiser et hiérarchiser les éléments","À convertir une image en son | À choisir le procédé de reliure","La grille fournit une structure commune pour placer textes, images et autres éléments.","Composition","Pour les nuls","1","Quiz","Aucun","pending","livre | grille | hiérarchie","Le design graphique — savoirs & savoir-faire","82","","false","0.98","2026-06-07T00:00:00.000Z","2026-06-07T00:00:00.000Z"
"LIVRE-COMPO-NULS-03","Dans l'anatomie d'une page, qu'est-ce que le folio ?","Le numéro de page","Le titre principal du livre | La légende d'une image","Le folio permet d'identifier la page dans le document.","Composition","Pour les nuls","1","Quiz","Aucun","pending","livre | folio | anatomie de page","Le design graphique — savoirs & savoir-faire","77","","false","0.98","2026-06-07T00:00:00.000Z","2026-06-07T00:00:00.000Z"
"LIVRE-COMPO-MOYEN-01","Qu'ajoute une grille modulaire à une simple grille multicolonne ?","Des divisions horizontales qui créent des modules","Une seule colonne sans repère | Un mode colorimétrique supplémentaire","La grille modulaire croise des divisions verticales et horizontales pour offrir des zones de placement plus précises.","Composition","Moyen","3","Quiz","Aucun","pending","livre | grille modulaire | mise en page","Le design graphique — savoirs & savoir-faire","82","","false","0.98","2026-06-07T00:00:00.000Z","2026-06-07T00:00:00.000Z"
"LIVRE-COMPO-MOYEN-02","Quel principe de Gestalt permet de distinguer un élément principal de son arrière-plan ?","La relation figure-fond","La quadrichromie | Le fond perdu","La relation figure-fond organise la perception entre la forme observée et l'espace qui l'entoure.","Composition","Moyen","3","Quiz","Aucun","pending","livre | Gestalt | figure-fond","Le design graphique — savoirs & savoir-faire","84","","false","0.98","2026-06-07T00:00:00.000Z","2026-06-07T00:00:00.000Z"
"LIVRE-COMPO-MOYEN-03","Quelle valeur approchée correspond au nombre d'or ?","1,618","1,414 | 2,718","Le nombre d'or, aussi appelé phi, exprime un rapport d'environ 1,618 entre deux longueurs.","Composition","Moyen","3","Quiz","Aucun","pending","livre | nombre d'or | proportions","Le design graphique — savoirs & savoir-faire","80","","false","0.98","2026-06-07T00:00:00.000Z","2026-06-07T00:00:00.000Z"
"LIVRE-COMPO-EXPERT-01","Quels réglages participent directement au gris typographique d'un bloc de texte ?","Le corps, l'interlignage, la largeur de colonne et les espacements","Le façonnage, le pelliculage et la reliure | Le profil colorimétrique de l'écran uniquement","Le gris typographique résulte de la densité visuelle produite par le dessin des caractères et les réglages de composition.","Composition","Expert","5","Quiz","Aucun","pending","livre | gris typographique | microtypographie","Le design graphique — savoirs & savoir-faire","85","","false","0.98","2026-06-07T00:00:00.000Z","2026-06-07T00:00:00.000Z"
"LIVRE-COMPO-EXPERT-02","Quelle différence fondamentale oppose le format d'une page papier à celui d'une page web ?","Le papier a une hauteur fixe, tandis que la page web peut s'allonger avec le contenu","Le papier se mesure en pixels et le web en millimètres | La page web ne possède jamais de largeur définie","Un support imprimé possède un format physique déterminé ; une interface web conserve une largeur de référence mais se parcourt verticalement.","Composition","Expert","5","Quiz","Aucun","pending","livre | papier | écran","Le design graphique — savoirs & savoir-faire","76","","false","0.98","2026-06-07T00:00:00.000Z","2026-06-07T00:00:00.000Z"
"LIVRE-COMPO-EXPERT-03","Pour placer précisément textes, icônes et illustrations selon des axes verticaux et horizontaux, quelle grille est la plus adaptée ?","Une grille modulaire","Une grille uniquement multicolonne | Une composition sans aucun repère","Ses modules résultent du croisement de colonnes et de rangées, ce qui facilite des alignements précis dans les deux directions.","Composition","Expert","5","Quiz","Aucun","pending","livre | grille modulaire | alignement","Le design graphique — savoirs & savoir-faire","82","","false","0.98","2026-06-07T00:00:00.000Z","2026-06-07T00:00:00.000Z"
"LIVRE-PROD-NULS-01","Dans la série de formats A, quel format est le plus grand ?","A3","A4 | A5","Dans la série A, plus le numéro diminue, plus la feuille est grande.","Production","Pour les nuls","1","Quiz","Aucun","pending","livre | formats papier | ISO","Le design graphique — savoirs & savoir-faire","87","","false","0.98","2026-06-07T00:00:00.000Z","2026-06-07T00:00:00.000Z"
"LIVRE-PROD-NULS-02","Quel format d'image utilise une compression avec perte très courante sur le web ?","JPEG","PNG | TIFF sans compression","Le JPEG réduit fortement le poids des photographies au prix d'une perte d'information.","Production","Pour les nuls","1","Quiz","Aucun","pending","livre | JPEG | formats de fichier","Le design graphique — savoirs & savoir-faire","90","","false","0.98","2026-06-07T00:00:00.000Z","2026-06-07T00:00:00.000Z"
"LIVRE-PROD-NULS-03","Quel format vectoriel permet de redimensionner une image sans perte de qualité ?","SVG","JPEG | MP3","Le SVG décrit les formes par des données vectorielles, particulièrement adaptées aux logos et icônes.","Production","Pour les nuls","1","Quiz","Aucun","pending","livre | SVG | vectoriel","Le design graphique — savoirs & savoir-faire","91","","false","0.98","2026-06-07T00:00:00.000Z","2026-06-07T00:00:00.000Z"
"LIVRE-PROD-MOYEN-01","Combien de bits composent un octet ?","8 bits","4 bits | 1024 bits","L'octet est une unité de mémoire composée de huit bits.","Production","Moyen","3","Quiz","Aucun","pending","livre | mémoire | unités","Le design graphique — savoirs & savoir-faire","92","","false","0.98","2026-06-07T00:00:00.000Z","2026-06-07T00:00:00.000Z"
"LIVRE-PROD-MOYEN-02","Pourquoi l'impression numérique convient-elle bien aux petites séries personnalisées ?","Elle transfère directement les données sans utiliser de plaques","Elle exige une plaque métallique pour chaque page | Elle ne peut imprimer que sur du textile","L'absence de plaques réduit la préparation et facilite les faibles tirages ou les contenus variables.","Production","Moyen","3","Quiz","Aucun","pending","livre | impression numérique | tirage","Le design graphique — savoirs & savoir-faire","95","","false","0.98","2026-06-07T00:00:00.000Z","2026-06-07T00:00:00.000Z"
"LIVRE-PROD-MOYEN-03","Quelle largeur de fond perdu le livre recommande-t-il généralement autour d'un document imprimé ?","Entre 3 et 5 mm","Entre 0,1 et 0,5 mm | Entre 15 et 20 mm","Le fond perdu prolonge les éléments au-delà du format fini afin d'éviter des bordures blanches après la coupe.","Production","Moyen","3","Quiz","Aucun","pending","livre | fond perdu | préparation impression","Le design graphique — savoirs & savoir-faire","96","","false","0.98","2026-06-07T00:00:00.000Z","2026-06-07T00:00:00.000Z"
"LIVRE-PROD-EXPERT-01","Pourquoi un papier couché restitue-t-il généralement les couleurs avec précision ?","Son traitement limite la pénétration et l'étalement de l'encre","Ses fibres absorbent immédiatement toute l'encre | Il est toujours teinté dans la masse en noir","Sa surface peu poreuse conserve mieux la forme des points de trame et évite que l'encre ne se diffuse dans les fibres.","Production","Expert","5","Quiz","Aucun","pending","livre | papier couché | impression","Le design graphique — savoirs & savoir-faire","97","","false","0.98","2026-06-07T00:00:00.000Z","2026-06-07T00:00:00.000Z"
"LIVRE-PROD-EXPERT-02","Quel trajet décrit correctement le transfert de l'encre en impression offset ?","De la plaque métallique au rouleau en caoutchouc, puis au support","Du fichier directement au papier sans intermédiaire | De buses au support sous forme de gouttelettes","L'offset utilise un blanchet en caoutchouc entre la plaque et le support d'impression.","Production","Expert","5","Quiz","Aucun","pending","livre | offset | techniques d'impression","Le design graphique — savoirs & savoir-faire","95","","false","0.98","2026-06-07T00:00:00.000Z","2026-06-07T00:00:00.000Z"
"LIVRE-PROD-EXPERT-03","Pourquoi renommer manuellement l'extension d'un fichier ne suffit-il pas à changer son format ?","Parce que la structure des données enregistrées reste inchangée","Parce qu'une extension ne peut contenir que deux lettres | Parce que tous les formats utilisent exactement la même structure","Il faut convertir ou utiliser « Enregistrer sous » pour réécrire les données dans le format voulu.","Production","Expert","5","Quiz","Aucun","pending","livre | formats de fichier | extension","Le design graphique — savoirs & savoir-faire","90","","false","0.98","2026-06-07T00:00:00.000Z","2026-06-07T00:00:00.000Z"
